ID,Name,EmailAddress,CompanyID,PhoneNumber
09AB5C13-F23D-42FB-954F-2E46D7436A81,Jared Cowan,jcowan@pingco.com.au,6B931EBD-6AB0-4E04-9E63-152380253985,61385928840
1039CB7F-B0CE-4120-9999-3A35BDA6EB20,Julian Glenn,jglenn@pingco.com.au,6B931EBD-6AB0-4E04-9E63-152380253985,61385928841
D7E1E361-4F85-4EF4-9676-10D9CB6D18B3,Grayson Bowman,gbowman@pingco.com.au,6B931EBD-6AB0-4E04-9E63-152380253985,61385928842
74622BFC-188A-40CB-93E3-D0D61F66F20A,Evangeline Heath,eheath@pingco.com.au,6B931EBD-6AB0-4E04-9E63-152380253985,61385928843
C2A5601B-034B-4093-8BA3-6EF434D66F11,Paola Simon,psimon@pingco.com.au,6B931EBD-6AB0-4E04-9E63-152380253985,61385928844
A3D91A20-83E1-4044-BC46-E567E5618B50,Donavan Strong,dstrong@bcservices.au,D7A82A31-9530-45B7-9131-C44CA86DE7FC,61288555346
5A3D80A7-2EFF-4B05-AA59-60FFD6641EB9,Wayne Hancock,whancock@bcservices.au,D7A82A31-9530-45B7-9131-C44CA86DE7FC,61288555347
BD8ACC0F-0161-4402-999C-7C0FC98CD8D1,Riley Mosley,rmosley@bcservices.au,D7A82A31-9530-45B7-9131-C44CA86DE7FC,61288555348
28BF2328-400B-4BD7-BE79-65811A347818,Lilian Hale,lhale@bcservices.au,D7A82A31-9530-45B7-9131-C44CA86DE7FC,61288555349
C0F89D47-C3B0-4518-93BC-335448ECFFA1,Tania Hammond,thammond@bcservices.au,D7A82A31-9530-45B7-9131-C44CA86DE7FC,61288555350
C60EC2B6-4B28-4D9A-B330-9DD668E80DE3,Kaylah Mcclain,kmcclain@uta.onmicrosoft.com,675AC608-2064-4FA2-89AA-F0CBCC3DBA08,61899226706
C6655D87-638E-42FF-9991-F34D896348C3,Cody Benton,cbenton@uta.onmicrosoft.com,675AC608-2064-4FA2-89AA-F0CBCC3DBA08,61899226707
D362F500-4AF5-40AF-A902-DA305BD650E1,Madison Mcclure,mmcclure@uta.onmicrosoft.com,675AC608-2064-4FA2-89AA-F0CBCC3DBA08,61899226708
48570C74-F4E3-4405-8106-98D1E5F2F4D6,Arjun Mcgee,amcgee@uta.onmicrosoft.com,675AC608-2064-4FA2-89AA-F0CBCC3DBA08,61899226709
4ABE8FF2-9386-4A9E-B5FD-24C56D16FCDE,Brendon Haney,bhaney@uta.onmicrosoft.com,675AC608-2064-4FA2-89AA-F0CBCC3DBA08,61899226710
6C6498F9-4161-4525-B705-5D14138E3A5A,Giancarlo Montoya,gmontoya@opsmel.com.au,385A7093-37AA-4D72-889E-54DD00E66116,61395554320
5D513B84-5B41-417B-9A2B-8F0696BB54CE,Aylin Pennington,apennington@opsmel.com.au,385A7093-37AA-4D72-889E-54DD00E66116,61395554321
E6E0F7FE-9F46-4B6F-818B-219CBDD62522,Juliette Quinn,jquinn@opsmel.com.au,385A7093-37AA-4D72-889E-54DD00E66116,61395554322
7F680817-5A50-474C-ADF7-4C3291A63408,Krista Frederick,kfrederick@opsmel.com.au,385A7093-37AA-4D72-889E-54DD00E66116,61395554323
44F5D0DF-C4C7-4F53-B234-95A6425260CE,Rebekah Lowe,rlowe@opsmel.com.au,385A7093-37AA-4D72-889E-54DD00E66116,61395554324
